"case_id","case","url","firm","case_name","google_url","cordinate","lat","lon","district"
5,"寶藤建設-加昌路279巷案(仮) 11F","https://www.facebook.com/media/set/?set=a.528478409312744&type=3","寶藤建設","加昌路279巷案(仮) 11F","https://is.gd/tv00wx","22°43'13.6""N 120°18'48.1""E · 811台灣高雄市楠梓區",22.7204444444444,120.313361111111,"楠梓區"
8,"盛豐禾建設-金和街案(仮) 14F","https://www.facebook.com/media/set/?set=a.528476715979580&type=3","盛豐禾建設","金和街案(仮) 14F","https://is.gd/nXBv9c","22°43'31.8""N 120°19'08.6""E · 811台灣高雄市楠梓區金和街208～226號",22.7255,120.319055555556,"楠梓區"
9,"郡都建設-郡都科楠 15F","https://www.facebook.com/media/set/?set=a.528474825979769&type=3","郡都建設","郡都科楠 15F","https://is.gd/JgTvA2","22°43'28.2""N 120°19'10.1""E · 811台灣高雄市楠梓區金田里",22.7245,120.319472222222,"楠梓區"
15,"楠仔坑運動中心","https://www.facebook.com/media/set/?set=a.465001838993735&type=3","楠仔坑運動中心",NA,"https://is.gd/mLrL72","22°44'00.6""N 120°19'55.3""E · 811台灣高雄市楠梓區旗楠路160號",22.7335,120.332027777778,"楠梓區"
26,"興連城建設-清璞 15F","https://www.facebook.com/media/set/?set=a.565320518961866&type=3","興連城建設","清璞 15F","https://is.gd/xA0uJb","22°44'45.9""N 120°18'41.1""E · 825台灣高雄市橋頭區新莊里",22.7460833333333,120.311416666667,"橋頭區"
28,"達麗建設-達麗未來市 15F","https://www.facebook.com/media/set/?set=a.529229222570996&type=3","達麗建設","達麗未來市 15F","https://is.gd/xUEERt","22°44'34.2""N 120°18'43.5""E · 825台灣高雄市橋頭區新莊里",22.7428333333333,120.312083333333,"橋頭區"
50,"四季地產-德中路案(仮) 15F","https://www.facebook.com/media/set/?set=a.464955102331742&type=3","四季地產","德中路案(仮) 15F","https://is.gd/Get5tk","22°43'28.8""N 120°16'35.5""E · 台灣高雄市楠梓區",22.7246666666667,120.276527777778,"楠梓區"
51,"居富開發-之見築 19F","https://www.facebook.com/media/set/?set=a.464973685663217&type=3","居富開發","之見築 19F","https://is.gd/d2KUP9","22°43'31.8""N 120°16'41.7""E · 811台灣高雄市楠梓區大學十八街31號",22.7255,120.27825,"楠梓區"
52,"冠億建設-大學二十六街案(仮) 15F","https://www.facebook.com/media/set/?set=a.597581885735729&type=3","冠億建設","大學二十六街案(仮) 15F","https://is.gd/mqTRIz","22°43'35.4""N 120°16'33.4""E · 811台灣高雄市楠梓區中和里",22.7265,120.275944444444,"楠梓區"
55,"圓邑建設-大學十六街案(仮) 15F","https://www.facebook.com/media/set/?set=a.582156803944904&type=3","圓邑建設","大學十六街案(仮) 15F","https://is.gd/EAk8wZ","22°43'36.7""N 120°16'59.8""E · 811台灣高雄市楠梓區大學十七街225號",22.7268611111111,120.283277777778,"楠梓區"
66,"三地開發-艾美綠河 15F","https://www.facebook.com/media/set/?set=a.528488152645103&type=3","三地開發","艾美綠河 15F","https://is.gd/xqidGj","22°41'17.4""N 120°17'19.5""E · 813台灣高雄市左營區明建里",22.6881666666667,120.28875,"左營區"
74,"京城建設-美術北五街案(仮) 29F","https://www.facebook.com/media/set/?set=a.700265068800743&type=3","京城建設","美術北五街案(仮) 29F","https://bit.ly/3rPTJOv","22°39'49.8""N 120°17'23.8""E · No. 409號, Meishu East 4th Rd, Gushan District, Kaohsiung City, Taiwan 804",22.6638333333333,120.289944444444,"鼓山區"
78,"城揚建設-華夏路案(仮) 15F","https://www.facebook.com/media/set/?set=a.779373334223249&type=3","城揚建設","華夏路案(仮) 15F","https://bit.ly/49Ets68","22°40'15.7""N 120°17'48.3""E · No. 273, Huasia Rd, Zuoying District, Kaohsiung City, Taiwan 813",22.6710277777778,120.29675,"左營區"
79,"京城建設-裕國街案(仮) 14F","https://www.facebook.com/media/set/?set=a.486070163553569&type=3","京城建設","裕國街案(仮) 14F","https://is.gd/T7Tq5d","22°39'24.8""N 120°17'36.3""E · 804台灣高雄市鼓山區裕國街171號",22.6568888888889,120.293416666667,"鼓山區"
89,"甲山林建設-文華帝寶 29F","https://www.facebook.com/media/set/?set=a.501337948693457&type=3","甲山林建設","文華帝寶 29F","https://is.gd/MfzT5d","22°38'08.3""N 120°19'03.6""E · 807台灣高雄市三民區凱歌路49號",22.6356388888889,120.317666666667,"三民區"
94,"京城建設-中正一路案(仮) 33F","https://www.facebook.com/media/set/?set=a.609855834508334&type=3","京城建設","中正一路案(仮) 33F","https://is.gd/Xh2JcA","22°37'45.4""N 120°19'36.8""E · 802台灣高雄市苓雅區中正一路243巷11號",22.6292777777778,120.326888888889,"苓雅區"
95,"頂誠建設-福安路案(仮) 13F","https://www.facebook.com/media/set/?set=a.753625066798076&type=3","頂誠建設","福安路案(仮) 13F","https://bit.ly/47POPQB","22°37'35.1""N 120°19'50.8""E · 802台灣高雄市苓雅區四維一路78-3號",22.6264166666667,120.330777777778,"苓雅區"
105,"都發局-亞灣社宅 15F","https://www.facebook.com/media/set/?set=a.501350905358828&type=3","都發局","亞灣社宅 15F","https://is.gd/zHQT4z","22°36'26.3""N 120°18'09.3""E · 806台灣高雄市前鎮區建隆里",22.6073055555556,120.302583333333,"前鎮區"
124,"京城建設-九如二路案(仮) 29F","https://www.facebook.com/media/set/?set=a.501353232025262&type=3","京城建設","九如二路案(仮) 29F","https://is.gd/b6PfNG","22°38'31.8""N 120°17'35.9""E · 807台灣高雄市三民區九如二路",22.6421666666667,120.293305555556,"三民區"
127,"興富發建設-森美樹 22F","https://www.facebook.com/media/set/?set=a.501325388694713&type=3","興富發建設","森美樹 22F","https://is.gd/fA4uwm","22°38'41.3""N 120°17'18.8""E · 807台灣高雄市三民區",22.6448055555556,120.288555555556,"三民區"
129,"海洋委員會-海委會辦公廳舍 7F","https://www.facebook.com/media/set/?set=a.501324432028142&type=3","海洋委員會","海委會辦公廳舍 7F","https://is.gd/QiTVR3","22°38'56.3""N 120°17'15.3""E · 807台灣高雄市三民區德西里",22.6489722222222,120.287583333333,"三民區"
133,"尚雍建設-尚雍文心 12F","https://www.facebook.com/media/set/?set=a.605174821643102&type=3","尚雍建設","尚雍文心 12F","https://is.gd/jNodoM","22°36'24.0""N 120°19'54.4""E · 806台灣高雄市前鎮區瑞信街26號",22.6066666666667,120.331777777778,"前鎮區"
138,"德旺建設-夢享家II 13F","https://www.facebook.com/media/set/?set=a.476455321181720&type=3","德旺建設","夢享家II 13F","https://is.gd/iNYt28","22°35'04.6""N 120°18'43.1""E · 806台灣高雄市前鎮區興陽街1號",22.5846111111111,120.311972222222,"前鎮區"
147,"台船防蝕-船佳堡 15F","https://www.facebook.com/media/set/?set=a.495953912565194&type=3","台船防蝕","船佳堡 15F","https://is.gd/TovAcn","22°34'18.8""N 120°22'24.2""E · 812台灣高雄市小港區",22.5718888888889,120.373388888889,"小港區"
149,"吉隆建設-頂庄路案(仮) 15F","https://www.facebook.com/media/set/?set=a.749377533889496&type=3","吉隆建設","頂庄路案(仮) 15F","https://bit.ly/41Nc5Nw","22°35'18.6""N 120°21'49.6""E · 830, Taiwan, Kaohsiung City, Fengshan District, 過埤里",22.5885,120.363777777778,"鳳山區"
167,"龍騰建設-建工路案(仮) 28F","https://www.facebook.com/media/set/?set=a.470527211774531&type=3","龍騰建設","建工路案(仮) 28F","https://is.gd/MqWV07","22°38'50.8""N 120°18'59.1""E · 807台灣高雄市三民區建工路",22.6474444444444,120.316416666667,"三民區"
179,"榮欣建設-鳳仁路案(仮) 15F","https://www.facebook.com/media/set/?set=a.786801266813789&type=3","榮欣建設","鳳仁路案(仮) 15F","https://bit.ly/3T2327i","22°38'34.5""N 120°22'28.7""E · 830, Taiwan, Kaohsiung City, Fengshan District, 鎮北里",22.6429166666667,120.374638888889,"鳳山區"
195,"時興建設-名人堂 15F","https://www.facebook.com/media/set/?set=a.491444093016176&type=3","時興建設","名人堂 15F","https://is.gd/xVfXVn","22°40'46.2""N 120°19'49.6""E · 814台灣高雄市仁武區八卦里",22.6795,120.330444444444,"仁武區"
198,"瀚光泰建設-琢悅II 13F","https://www.facebook.com/media/set/?set=a.491441903016395&type=3","瀚光泰建設","琢悅II 13F","https://is.gd/tpjTvI","22°40'58.9""N 120°19'50.2""E · 814台灣高雄市仁武區永新一街70號",22.6830277777778,120.330611111111,"仁武區"
209,"鑫龍騰開發-鑫天際 32F","https://www.facebook.com/media/set/?set=a.557265116434073&type=3","鑫龍騰開發","鑫天際 32F","https://is.gd/ekl3W3","22°41'04.6""N 120°18'36.8""E · 813台灣高雄市左營區華夏路1188號",22.6846111111111,120.310222222222,"左營區"
210,"龍騰建設-鑫巨蛋III 24F","https://www.facebook.com/media/set/?set=a.745221204305129&type=3","龍騰建設","鑫巨蛋III 24F","https://bit.ly/47gT33m","22°40'50.9""N 120°18'22.9""E · No. 362號, Zengzi Rd, Zuoying District, Kaohsiung City, Taiwan 813",22.6808055555556,120.306361111111,"左營區"
217,"本業建設-孟子路案(仮) 29F","https://www.facebook.com/media/set/?set=a.551058063721445&type=3","本業建設","孟子路案(仮) 29F","https://is.gd/Ypqs6O","22°40'32.7""N 120°18'25.9""E · 813台灣高雄市左營區文強路180號",22.67575,120.307194444444,"左營區"
219,"多城建設-重立路案(仮) 15F","https://www.facebook.com/media/set/?set=a.531647688995816&type=3","多城建設","重立路案(仮) 15F","https://is.gd/9PCviR","22°40'41.3""N 120°18'51.9""E · 813台灣高雄市左營區菜公一路123號",22.6781388888889,120.314416666667,"左營區"
222,"開遠建設-MAX 14F","https://www.facebook.com/media/set/?set=a.551060797054505&type=3","開遠建設","MAX 14F","https://is.gd/ISus1c","22°39'59.8""N 120°19'23.4""E · 807台灣高雄市三民區鼎新路173號",22.6666111111111,120.323166666667,"三民區"
171,"興璟建設-九如一路案(仮) 15F","https://www.facebook.com/media/set/?set=a.585684326925485&type=3","興璟建設","九如一路案(仮) 15F","https://is.gd/xyioRd","807台灣高雄市三民區九如一路",22.6402673,120.3203531,"三民區"
176,"頂誠建設-聚丰景 14F","https://www.facebook.com/media/set/?set=a.585683150258936&type=3","頂誠建設","聚丰景 14F","https://is.gd/12vL1w","807台灣高雄市三民區正忠路353號",22.6480382,120.3300765,"三民區"
264,"立揚集團-大學五十二街案(仮) 15F","https://www.facebook.com/media/set/?set=a.5341037182621500&type=3","立揚集團","大學五十二街案(仮) 15F","https://is.gd/zViVkA","Google 地圖",22.7356902,120.2911668,"楠梓區"
19,"利融建設-利融永御 15F","https://www.facebook.com/media/set/?set=a.589456403214944&type=3","利融建設","利融永御 15F","https://is.gd/J9VadE","22°35'18.8""N 120°21'47.9""E · 830台灣高雄市鳳山區頂庄路146號",22.5885555555556,120.363305555556,"鳳山區"
21,"華雄建設-花町院 15F","https://www.facebook.com/media/set/?set=a.817221977105051&type=3","華雄建設","花町院 15F","https://bit.ly/4dk4RWA","22°35'06.7""N 120°21'36.1""E · 830台灣高雄市鳳山區中安路691號",22.5851944444444,120.360027777778,"鳳山區"
59,"佳鋐建設-赤仁路案(仮) 13F","https://www.facebook.com/media/set/?set=a.838985171595398&type=3","佳鋐建設","赤仁路案(仮) 13F","https://bit.ly/3Vp71gT","22°40'35.0""N 120°20'53.7""E · No. 212, Cihui 2nd St, Renwu District, Kaohsiung City, Taiwan 814",22.6763888888889,120.34825,"仁武區"
60,"佳鋐建設-佳鋐雄匯 14F","https://www.facebook.com/media/set/?set=a.491446516349267&type=3","佳鋐建設","佳鋐雄匯 14F","https://is.gd/HBRN8u","22°40'36.9""N 120°20'50.6""E · 814台灣高雄市仁武區赤仁路190號",22.6769166666667,120.347388888889,"仁武區"
72,"祥城開發-九湖三街(仮) 15F","https://www.facebook.com/media/set/?set=a.1121446016682644&type=3","祥城開發","九湖三街(仮) 15F","https://reurl.cc/GnMMdZ","22°41'01.1""N 120°19'34.4""E · 22.683639, 120.326222",22.6836388888889,120.326222222222,"仁武區"
78,"明基建設-榮光街案(仮) 15F","https://www.facebook.com/media/set/?set=a.1121454233348489&type=3","明基建設","榮光街案(仮) 15F","https://reurl.cc/ae66kQ","22°41'06.3""N 120°19'23.5""E · 22.685083, 120.323194",22.6850833333333,120.323194444444,"左營區"
51,"鑫龍騰開發-建國路一段案(仮) 15F","https://www.facebook.com/media/set/?set=a.1121432226684023&type=3","鑫龍騰開發","建國路一段案(仮) 15F","https://reurl.cc/YYZLLa","Google Maps",22.6346604,120.3637139,"鳳山區"
35,"永信建設-援中路案(仮) 21F","https://www.facebook.com/media/set/?set=a.1109852577841988&type=3","永信建設","援中路案(仮) 21F","https://reurl.cc/8Dk6oX","811高雄市楠梓區援中路二巷21號",22.7286546,120.295755,"楠梓區"
44,"勤寬建設-大學南路案(仮) 22F","https://www.facebook.com/media/set/?set=a.1109842387843007&type=3","勤寬建設","大學南路案(仮) 22F","https://reurl.cc/Z4mVYA","高大藝術學苑遺址 · 811高雄市楠梓區大學二十三街200號",22.7301316,120.280444,"楠梓區"
83,"＃興富發建設-特貿三都更案 41F","https://www.facebook.com/media/set/?set=a.1098417782318801&type=3","＃興富發建設","特貿三都更案 41F","https://reurl.cc/gRjGjL","特貿三北基地 · 806高雄市前鎮區",22.6094529,120.3002135,"前鎮區"
116,"匯成建設-鼓山一路案(仮) 29F","https://www.facebook.com/media/set/?set=a.1098384832322096&type=3","匯成建設","鼓山一路案(仮) 29F","https://reurl.cc/K8neKp","804高雄市鼓山區鼓山一路71號",22.6251344,120.2770089,"鼓山區"
211,"得邑建設-政德路案(仮) 15F","https://www.facebook.com/media/set/?set=a.626325866194664&type=3","得邑建設","政德路案(仮) 15F","https://is.gd/NxfDZe","Zhengde Rd, Zuoying District · Zhengde Rd, Zuoying District, Kaohsiung City, Taiwan 813",22.6826055,120.3055112,"左營區"
216,"星展建設-文萊路案(仮) 10F","https://www.facebook.com/media/set/?set=a.626331182860799&type=3","星展建設","文萊路案(仮) 10F","https://is.gd/wsQS9H","No. 100號, Wenlai Rd, Zuoying District · No. 100號, Wenlai Rd, Zuoying District, Kaohsiung City, Taiwan 813",22.6741591,120.3001817,"左營區"
242,"大好生活-凹子底停35BOT案 7F","https://www.facebook.com/media/set/?set=a.3881799845211915&type=3","大好生活","凹子底停35BOT案 7F","https://is.gd/zRAMhc","Google Maps",22.6574536,120.2991684,"鼓山區"
220,"宏森地產-大中一路案(仮) 15F","https://www.facebook.com/media/set/?set=a.1078930267600886&type=3","宏森地產","大中一路案(仮) 15F","https://bit.ly/3EU2XQ9","22°40'32.5""N 120°19'27.2""E · 22.675694, 120.324222",22.6756944444444,120.324222222222,"三民區"
221,"皇郡建設-鼎中路案(仮) 18F","https://www.facebook.com/media/set/?set=a.1078929124267667&type=3","皇郡建設","鼎中路案(仮) 18F","https://bit.ly/42HOAaT","22°40'09.8""N 120°19'14.4""E · 22.669389, 120.320667",22.6693888888889,120.320666666667,"三民區"
225,"利威建設-崇文路案(仮) 15F","https://www.facebook.com/media/set/?set=a.1002232815270632&type=3","利威建設","崇文路案(仮) 15F","https://bit.ly/3WsqfST","22°34'07.9""N 120°21'07.4""E · 22.568861, 120.352056",22.5688611111111,120.352055555556,"小港區"
226,"聯上實業-佐川 26F","https://www.facebook.com/media/set/?set=a.700874965406420&type=3","聯上實業","佐川 26F","https://is.gd/PxNmNY","22°39'41.3""N 120°18'53.3""E · No. 52號, Mingren Rd, Sanmin District, Kaohsiung City, Taiwan 807",22.6614722222222,120.314805555556,"三民區"
227,"岡山運動中心","https://www.facebook.com/media/set/?set=a.464998798994039&type=3","岡山運動中心",NA,"https://is.gd/aDXULe","22°47'02.5""N 120°17'56.9""E · 820台灣高雄市岡山區岡山南路42號",22.7840277777778,120.299138888889,"岡山區"
228,"春虹建設-春虹．仰森 15F","https://www.facebook.com/media/set/?set=a.988369953323585&type=3","春虹建設","春虹．仰森 15F","https://bit.ly/40nRbWo","22°39'13.0""N 120°16'24.5""E · 22.653611, 120.273472",22.6536111111111,120.273472222222,"鼓山區"
230,"住都中心-七賢安居 18F","https://www.facebook.com/media/set/?set=a.715828123911104&type=3","住都中心","七賢安居 18F","https://is.gd/IxA3Lp","22°37'54.2""N 120°17'18.3""E · 801台灣高雄市前金區801",22.6317222222222,120.288416666667,"前金區"
231,"光洲建設-文龍東路案(仮) 15F","https://www.facebook.com/media/set/?set=a.933094402184474&type=3","光洲建設","文龍東路案(仮) 15F","https://bit.ly/4ePQXvF","22°38'35.9""N 120°21'09.2""E · 22.643306, 120.352556",22.6433055555556,120.352555555556,"鳳山區"
232,"東泥建設-霞海路案(仮) 15F","https://www.facebook.com/media/set/?set=a.812781334215782&type=3","東泥建設","霞海路案(仮) 15F","https://bit.ly/3U8tnkX","22°41'01.7""N 120°19'30.0""E · 814, Taiwan, Kaohsiung City, Renwu District, 高楠里",22.6838055555556,120.325,"仁武區"
233,"國揚實業-裕誠路案(仮) 22F","https://www.facebook.com/media/set/?set=a.700239945469922&type=3","國揚實業","裕誠路案(仮) 22F","https://bit.ly/3M578Jj","22°39'20.4""N 120°17'36.6""E · No. 2120號, Yucheng Rd, Gushan District, Kaohsiung City, Taiwan 804",22.6556666666667,120.2935,"鼓山區"
238,"富邦凹子底R13 地上權案","https://www.facebook.com/media/set/?set=a.2368610439864204&type=3","富邦凹子底R13 地上權案",NA,"https://is.gd/aZnMZx","22°39'24.5""N 120°18'06.9""E · 804台灣高雄市鼓山區龍子里",22.6568055555556,120.301916666667,"鼓山區"
240,"開遠建設-諾金 15F","https://www.facebook.com/media/set/?set=a.4537194066339153&type=3","開遠建設","諾金 15F","https://bit.ly/2Zgg2hw","22°41'08.4""N 120°18'15.2""E · 813台灣高雄市左營區尾北里",22.6856666666667,120.304222222222,"左營區"
241,"興富發建設-美術1号院 33F","https://www.facebook.com/media/set/?set=a.2289125121146070&type=3","興富發建設","美術1号院 33F","https://is.gd/R2ukOK","22°39'39.2""N 120°17'20.7""E · 804台灣高雄市鼓山區明誠四路",22.6608888888889,120.289083333333,"鼓山區"
244,"歐美建設-錦屏街案(仮) 15F","https://www.facebook.com/media/set/?set=a.5515947408463809&type=3","歐美建設","錦屏街案(仮) 15F","https://is.gd/LauBIo","22°42'51.8""N 120°18'43.6""E · 811台灣高雄市楠梓區",22.7143888888889,120.312111111111,"楠梓區"
245,"尊邑建設-尊邑．新界 15F","https://www.facebook.com/media/set/?set=a.3995666973825201&type=3","尊邑建設","尊邑．新界 15F","https://is.gd/N0FUiH","22°43'00.5""N 120°19'03.6""E",22.7168055555556,120.317666666667,"楠梓區"
246,"協勝發建設-都薈綻 26F","https://www.facebook.com/media/set/?set=a.3292683917456847&type=3","協勝發建設","都薈綻 26F","https://is.gd/hW7hi7","22°43'47.1""N 120°19'12.2""E",22.72975,120.320055555556,"楠梓區"
249,"國城建設-友樂市 21F","https://www.facebook.com/media/set/?set=a.4256211297770766&type=3","國城建設","友樂市 21F","https://is.gd/6eKPMx","22°43'46.2""N 120°19'46.7""E · 811台灣高雄市楠梓區楠梓東街67巷4號",22.7295,120.329638888889,"楠梓區"
250,"住都中心-清豐安居 14F","https://www.facebook.com/media/set/?set=a.5435415559850328&type=3","住都中心","清豐安居 14F","https://is.gd/beeo3O","22°44'36.4""N 120°19'31.7""E · 811台灣高雄市楠梓區清豐里",22.7434444444444,120.325472222222,"楠梓區"
251,"廣上建設-寶溪北街案(仮) 15F","https://www.facebook.com/media/set/?set=a.5435419716516579&type=3","廣上建設","寶溪北街案(仮) 15F","https://is.gd/lUCImV","22°44'55.0""N 120°19'36.7""E · 811台灣高雄市楠梓區寶溪北街230號",22.7486111111111,120.326861111111,"楠梓區"
252,"欣宏達建設-芎林二街案(仮) 15F","https://www.facebook.com/media/set/?set=a.5263935390331680&type=3","欣宏達建設","芎林二街案(仮) 15F","https://is.gd/BfaRO1","22°45'00.9""N 120°19'57.1""E · 811台灣高雄市楠梓區清豐里",22.75025,120.332527777778,"楠梓區"
254,"毓寶公司-民主街案(仮) 14F","https://www.facebook.com/media/set/?set=a.5515944365130780&type=3","毓寶公司","民主街案(仮) 14F","https://is.gd/52fXjT","22°45'38.8""N 120°18'18.8""E · 825台灣高雄市橋頭區白樹里",22.7607777777778,120.305222222222,"橋頭區"
255,"達麗建設-達麗雙子星 24F","https://www.facebook.com/media/set/?set=a.5263921976999688&type=3","達麗建設","達麗雙子星 24F","https://is.gd/d3B7iO","22°47'39.1""N 120°17'54.3""E · 820台灣高雄市岡山區中山北路57號",22.7941944444444,120.298416666667,"岡山區"
256,"都發局-岡山社宅 12F","https://www.facebook.com/media/set/?set=a.5435404069851477&type=3","都發局","岡山社宅 12F","https://is.gd/SlsGU6","22°47'02.1""N 120°17'32.9""E · 820台灣高雄市岡山區19",22.7839166666667,120.292472222222,"岡山區"
257,"華友聯開發-大學西路案(仮) 15F","https://www.facebook.com/media/set/?set=a.5263916373666915&type=3","華友聯開發","大學西路案(仮) 15F","https://is.gd/5qL0Bi","22°43'58.5""N 120°16'31.1""E · 811台灣高雄市楠梓區中和里",22.7329166666667,120.275305555556,"楠梓區"
259,"隆大營建-鳳凰橋科One 14F","https://www.facebook.com/media/set/?set=a.5263930453665507&type=3","隆大營建","鳳凰橋科One 14F","https://is.gd/fgxrw2","22°46'33.2""N 120°19'48.1""E · 824台灣高雄市燕巢區滾水路81-61號",22.7758888888889,120.330027777778,"燕巢區"
260,"鼎宇建設-森花園 24F","https://www.facebook.com/media/set/?set=a.3893534004038499&type=3","鼎宇建設","森花園 24F","https://is.gd/fLOWas","22°44'18.9""N 120°18'02.1""E",22.7385833333333,120.300583333333,"橋頭區"
262,"棠宇建設-樂和 18F","https://www.facebook.com/media/set/?set=a.2991324710926104&type=3","棠宇建設","樂和 18F","https://is.gd/snLS5U","22°44'02.8""N 120°18'07.1""E",22.7341111111111,120.301972222222,"橋頭區"
263,"芳崗建設-大學五街案(仮) 15F","https://www.facebook.com/media/set/?set=a.5341030275955524&type=3","芳崗建設","大學五街案(仮) 15F","https://is.gd/Gbir8K","22°44'06.8""N 120°17'31.4""E · 811台灣高雄市楠梓區大學五街20號",22.7352222222222,120.292055555556,"楠梓區"
1,"友眾建設-時代寓砥 15F","https://www.facebook.com/media/set/?set=a.740972341396682&type=3","友眾建設","時代寓砥 15F","https://is.gd/6nNkO9","22°41'11.2""N 120°18'13.8""E · No. 13, Lane 885, Caigongyi Rd, Zuoying District, Kaohsiung City, Taiwan 813",22.6864444444444,120.303833333333,"左營區"
3,"興連城建設-白隅 26F","https://www.facebook.com/media/set/?set=a.803693595124556&type=3","興連城建設","白隅 26F","https://bit.ly/3xrbdTK","22°43'05.4""N 120°19'02.9""E · 811台灣高雄市楠梓區後勁東路182號",22.7181666666667,120.317472222222,"楠梓區"
6,"福泉建設-金和街案(仮) 15F","https://www.facebook.com/media/set/?set=a.1109854577841788&type=3","福泉建設","金和街案(仮) 15F","https://reurl.cc/3Kz6Y8","22°43'30.2""N 120°19'07.1""E · 22.725056, 120.318639",22.7250555555556,120.318638888889,"楠梓區"
7,"永信建設-金和街案(仮) 14F","https://www.facebook.com/media/set/?set=a.1023314046495842&type=3","永信建設","金和街案(仮) 14F","https://bit.ly/3QwAWQW","22°43'30.7""N 120°19'10.2""E · 22.725194, 120.319500",22.7251944444444,120.3195,"楠梓區"
10,"得邑建設-惠正街案(仮) 15F","https://www.facebook.com/media/set/?set=a.831113819049200&type=3","得邑建設","惠正街案(仮) 15F","https://bit.ly/3UHKRVs","22°43'53.7""N 120°19'28.9""E · 811台灣高雄市楠梓區惠義街70號十三樓號",22.7315833333333,120.324694444444,"楠梓區"
11,"鋭揚建設-楠梓路案(仮) 15F","https://www.facebook.com/media/set/?set=a.1109853777841868&type=3","鋭揚建設","楠梓路案(仮) 15F","https://reurl.cc/yRqDMO","22°43'55.3""N 120°19'37.7""E · 22.732028, 120.327139",22.7320277777778,120.327138888889,"楠梓區"
12,"豪鎂建設-興楠梓 15F","https://www.facebook.com/media/set/?set=a.506359624857956&type=3","豪鎂建設","興楠梓 15F","https://is.gd/2tfF0F","22°43'51.4""N 120°20'16.1""E · 811台灣高雄市楠梓區興楠路",22.7309444444444,120.337805555556,"楠梓區"
13,"有于投資-興楠路案(仮) 15F","https://www.facebook.com/media/set/?set=a.1023317006495546&type=3","有于投資","興楠路案(仮) 15F","https://bit.ly/41ostpc","22°43'48.8""N 120°19'57.4""E · 22.730222, 120.332611",22.7302222222222,120.332611111111,"楠梓區"
14,"鑫龍騰開發-楠裕街案(仮) 23F","https://www.facebook.com/media/set/?set=a.887222100105038&type=3","鑫龍騰開發","楠裕街案(仮) 23F","https://bit.ly/3YRGScz","22°43'53.3""N 120°19'51.3""E · No. 108, Yutian St, Nanzih District, Kaohsiung City, Taiwan 811",22.7314722222222,120.330916666667,"楠梓區"
16,"鋭揚建設-鵬程路案(仮) 15F","https://www.facebook.com/media/set/?set=a.1068066458687267&type=3","鋭揚建設","鵬程路案(仮) 15F","https://bit.ly/4lucyxw","22°47'01.6""N 120°17'40.4""E · 22.783778, 120.294556",22.7837777777778,120.294555555556,"岡山區"
17,"皇苑建設-鵬程路案(仮) 19F","https://www.facebook.com/media/set/?set=a.887180850109163&type=3","皇苑建設","鵬程路案(仮) 19F","https://bit.ly/4csNv8n","22°47'01.1""N 120°17'34.7""E · 820, Taiwan, Kaohsiung City, Gangshan District, 69",22.7836388888889,120.292972222222,"岡山區"
19,"隆大營建-中山北路案(仮) 22F","https://www.facebook.com/media/set/?set=a.758015639692352&type=3","隆大營建","中山北路案(仮) 22F","https://bit.ly/490W0pX","22°47'45.7""N 120°17'58.3""E · 820台灣高雄市岡山區碧紅里",22.7960277777778,120.299527777778,"岡山區"
20,"德旺建設-富貴集 11F","https://www.facebook.com/media/set/?set=a.887238393436742&type=3","德旺建設","富貴集 11F","https://bit.ly/4fPSp2k","22°48'13.8""N 120°17'51.7""E · 26-4, Fugui W St, Gangshan District, Kaohsiung City, Taiwan 820",22.8038333333333,120.297694444444,"岡山區"
22,"九太營造-洄燕潮 10F","https://www.facebook.com/media/set/?set=a.831139689046613&type=3","九太營造","洄燕潮 10F","https://bit.ly/4dLeiP0","22°47'13.2""N 120°20'32.4""E · 824台灣高雄市燕巢區安招里",22.787,120.342333333333,"燕巢區"
23,"京城建設-仕豐南路案B(仮) 13F","https://www.facebook.com/media/set/?set=a.1068068628687050&type=3","京城建設","仕豐南路案B(仮) 13F","https://bit.ly/3RoTSBy","22°44'53.2""N 120°18'30.7""E · 22.748111, 120.308528",22.7481111111111,120.308527777778,"橋頭區"
24,"京城建設-仕豐南路案A(仮) 12F","https://www.facebook.com/media/set/?set=a.1068067648687148&type=3","京城建設","仕豐南路案A(仮) 12F","https://bit.ly/4jySCry","22°44'52.5""N 120°18'29.4""E · 22.747917, 120.308167",22.7479166666667,120.308166666667,"橋頭區"
25,"郡都建設-橋科大極 15F","https://www.facebook.com/media/set/?set=a.546134690880449&type=3","郡都建設","橋科大極 15F","https://is.gd/WFz5KO","22°44'49.0""N 120°18'54.2""E · 825台灣高雄市橋頭區新莊里",22.7469444444444,120.315055555556,"橋頭區"
27,"達麗建設-達麗世界學 24F","https://www.facebook.com/media/set/?set=a.758025716358011&type=3","達麗建設","達麗世界學 24F","https://bit.ly/3u2gboA","22°44'36.0""N 120°18'46.1""E · 825台灣高雄市橋頭區新莊里",22.7433333333333,120.312805555556,"橋頭區"
29,"麗晶建設-橋新二路案(仮) 15F","https://www.facebook.com/media/set/?set=a.719782266849023&type=3","麗晶建設","橋新二路案(仮) 15F","https://is.gd/2nxU7q","22°44'13.5""N 120°18'32.2""E · 825台灣高雄市橋頭區新莊里",22.7370833333333,120.308944444444,"橋頭區"
30,"城揚建設-加仁路案(仮) 15F","https://www.facebook.com/media/set/?set=a.887179816775933&type=3","城揚建設","加仁路案(仮) 15F","https://bit.ly/4cu88kv","22°43'40.3""N 120°18'13.4""E · No. 8號, Lane 70, Dehui Rd, Nanzih District, Kaohsiung City, Taiwan 811",22.7278611111111,120.303722222222,"楠梓區"
31,"郡都建設-德惠路案(仮) 13F","https://www.facebook.com/media/set/?set=a.1023338469826733&type=3","郡都建設","德惠路案(仮) 13F","https://bit.ly/4kd9jd4","22°43'43.1""N 120°18'10.6""E · 22.728639, 120.302944",22.7286388888889,120.302944444444,"楠梓區"
32,"永信建設-藍昌路案(仮) 20F","https://www.facebook.com/media/set/?set=a.485994130227839&type=3","永信建設","藍昌路案(仮) 20F","https://is.gd/h3Lccg","22°44'02.8""N 120°17'35.1""E · No. 538, Lanchang Rd, Nanzih District, Kaohsiung City, Taiwan 811",22.7341111111111,120.293083333333,"楠梓區"
33,"永堂建設-藍昌路案(仮) 10F","https://www.facebook.com/media/set/?set=a.988390846654829&type=3","永堂建設","藍昌路案(仮) 10F","https://bit.ly/3BHHJ6I","22°44'04.7""N 120°17'34.9""E · 22.734639, 120.293028",22.7346388888889,120.293027777778,"楠梓區"
34,"崑庭建設-棋琴文學苑 15F","https://www.facebook.com/media/set/?set=a.803691655124750&type=3","崑庭建設","棋琴文學苑 15F","https://bit.ly/3Uhi23n","22°43'57.2""N 120°17'41.0""E · 811台灣高雄市楠梓區藍田里",22.7325555555556,120.294722222222,"楠梓區"
37,"冠傑建設-冠傑AI 15F","https://www.facebook.com/media/set/?set=a.622336409926943&type=3","冠傑建設","冠傑AI 15F","https://is.gd/wCrOe1","22°43'33.2""N 120°17'24.9""E · 811台灣高雄市楠梓區藍田里",22.7258888888889,120.29025,"楠梓區"
38,"芳崗建設-援中路案(仮) 15F","https://www.facebook.com/media/set/?set=a.1068095578684355&type=3","芳崗建設","援中路案(仮) 15F","https://bit.ly/42klpub","22°43'28.5""N 120°17'18.8""E · 22.724583, 120.288556",22.7245833333333,120.288555555556,"楠梓區"
39,"城揚建設-大學十一街案(仮) 15F","https://www.facebook.com/media/set/?set=a.803687305125185&type=3","城揚建設","大學十一街案(仮) 15F","https://bit.ly/4cXiQBI","22°43'35.7""N 120°17'13.8""E · 811台灣高雄市楠梓區藍田里",22.7265833333333,120.287166666667,"楠梓區"
40,"居富開發-行見築 15F","https://www.facebook.com/media/set/?set=a.958592956301285&type=3","居富開發","行見築 15F","https://bit.ly/49b4qwk","22°43'51.2""N 120°17'21.7""E · 22.730889, 120.289361",22.7308888888889,120.289361111111,"楠梓區"
41,"興連城建設-敘青田 14F","https://www.facebook.com/media/set/?set=a.958594006301180&type=3","興連城建設","敘青田 14F","https://bit.ly/495pT9Z","22°43'46.9""N 120°17'13.6""E · 22.729694, 120.287111",22.7296944444444,120.287111111111,"楠梓區"
42,"茂德建設-大學南路案(仮) 20F","https://www.facebook.com/media/set/?set=a.1109851554508757&type=3","茂德建設","大學南路案(仮) 20F","https://reurl.cc/lz1N99","22°43'53.0""N 120°16'54.1""E · 22.731389, 120.281694",22.7313888888889,120.281694444444,"楠梓區"
43,"遠雄建設-大學二十三街案(仮) 20F","https://www.facebook.com/media/set/?set=a.1109844197842826&type=3","遠雄建設","大學二十三街案(仮) 20F","https://reurl.cc/Gn1pMW","22°43'47.1""N 120°16'49.5""E · 22.729750, 120.280417",22.72975,120.280416666667,"楠梓區"
45,"學院建設-大學十七街案(仮) 24F","https://www.facebook.com/media/set/?set=a.719771160183467&type=3","學院建設","大學十七街案(仮) 24F","https://is.gd/ejcJve","22°43'47.1""N 120°16'55.7""E · 811台灣高雄市楠梓區",22.72975,120.282138888889,"楠梓區"
46,"立揚集團-大學五十六街案(仮) 15F","https://www.facebook.com/media/set/?set=a.988383726655541&type=3","立揚集團","大學五十六街案(仮) 15F","https://bit.ly/405PU4V","22°43'47.7""N 120°16'34.3""E · 22.729917, 120.276194",22.7299166666667,120.276194444444,"楠梓區"
47,"良富建設-中正路案(仮) 11F","https://www.facebook.com/media/set/?set=a.546976987462886&type=3","良富建設","中正路案(仮) 11F","https://is.gd/o5Fb0G","22°43'58.0""N 120°15'12.7""E · 826台灣高雄市梓官區智蚵里",22.7327777777778,120.253527777778,"梓官區"
48,"茂德建設-高大之森 15F","https://www.facebook.com/media/set/?set=a.700259498801300&type=3","茂德建設","高大之森 15F","https://bit.ly/3M59UhH","22°43'22.5""N 120°16'32.0""E · 811, Taiwan, Kaohsiung City, Nanzih District, 中和里",22.7229166666667,120.275555555556,"楠梓區"
49,"豪鎂建設-大學十八街案(仮) 23F","https://www.facebook.com/media/set/?set=a.639259174901333&type=3","豪鎂建設","大學十八街案(仮) 23F","https://is.gd/WmB3GL","22°43'29.0""N 120°16'38.2""E · Daxue 18th St, Nanzih District, Kaohsiung City, Taiwan 811",22.7247222222222,120.277277777778,"楠梓區"
53,"楠梓援中派出所","https://www.facebook.com/media/set/?set=a.887178220109426&type=3","楠梓援中派出所",NA,"https://bit.ly/4dPWxNX","22°43'34.9""N 120°16'40.5""E · Lane 1080, Lantian Rd, Nanzih District, Kaohsiung City, Taiwan 811",22.7263611111111,120.277916666667,"楠梓區"
54,"玉鎮建設-玉原道 15F","https://www.facebook.com/media/set/?set=a.779381830889066&type=3","玉鎮建設","玉原道 15F","https://bit.ly/3uOMkAr","22°43'35.5""N 120°17'04.9""E · No. 209 號, Gaoxiongdaxue Rd, Nanzih District, Kaohsiung City, Taiwan 811",22.7265277777778,120.284694444444,"楠梓區"
56,"奕柏建設-大學十九街案(仮) 14F","https://www.facebook.com/media/set/?set=a.916894717137776&type=3","奕柏建設","大學十九街案(仮) 14F","https://bit.ly/3TJHkpO","22°43'32.5""N 120°16'59.0""E · 22.725694, 120.283056",22.7256944444444,120.283055555556,"楠梓區"
57,"全誠建設-德中路案(仮) 18F","https://www.facebook.com/media/set/?set=a.803698271790755&type=3","全誠建設","德中路案(仮) 18F","https://bit.ly/4aM5sOX","22°43'17.9""N 120°16'44.4""E · 811台灣高雄市楠梓區德中路43號",22.7216388888889,120.279,"楠梓區"
58,"福懋建設-大學六街案(仮) 21F","https://www.facebook.com/media/set/?set=a.887175913442990&type=3","福懋建設","大學六街案(仮) 21F","https://bit.ly/3XidJ9v","22°43'24.6""N 120°16'52.0""E · 33-1, Daxue 6th St, Nanzih District, Kaohsiung City, Taiwan 811",22.7235,120.281111111111,"楠梓區"
59,"聯上實業-世界極 15F","https://www.facebook.com/media/set/?set=a.958591879634726&type=3","聯上實業","世界極 15F","https://bit.ly/3Z3Lz1j","22°43'06.9""N 120°17'44.7""E · 22.718583, 120.295750",22.7185833333333,120.29575,"楠梓區"
60,"住都中心-海富安居 14F","https://www.facebook.com/media/set/?set=a.887174630109785&type=3","住都中心","海富安居 14F","https://bit.ly/4dr7KVo","22°41'53.0""N 120°17'17.2""E · 813, Taiwan, Kaohsiung City, Zuoying District, 283",22.6980555555556,120.288111111111,"左營區"
63,"住都中心-海景安居A 11F","https://www.facebook.com/media/set/?set=a.916885987138649&type=3","住都中心","海景安居A 11F","https://bit.ly/4ejGrNf","22°41'45.2""N 120°17'16.8""E · 22.695889, 120.288000",22.6958888888889,120.288,"左營區"
64,"住都中心-永清安居B 14F","https://www.facebook.com/media/set/?set=a.831110395716209&type=3","住都中心","永清安居B 14F","https://bit.ly/4arEmf6","22°41'39.2""N 120°17'55.0""E · 813台灣高雄市左營區海功路40巷12弄16號",22.6942222222222,120.298611111111,"左營區"
65,"住都中心-永清安居A 14F","https://www.facebook.com/media/set/?set=a.831109892382926&type=3","住都中心","永清安居A 14F","https://bit.ly/3wGCbGQ","22°41'41.2""N 120°17'57.8""E · 813台灣高雄市左營區左營大路731巷12號",22.6947777777778,120.299388888889,"左營區"
67,"甲六園建設-大道淳 15F","https://www.facebook.com/media/set/?set=a.857356446424937&type=3","甲六園建設","大道淳 15F","https://bit.ly/3VM2ROX","22°41'09.6""N 120°17'23.5""E · 117-105, Lane 42, Buhou St, Zuoying District, Kaohsiung City, Taiwan 813",22.686,120.289861111111,"左營區"
68,"聯上建設-芯城 29F","https://www.facebook.com/media/set/?set=a.749427907217792&type=3","聯上建設","芯城 29F","https://bit.ly/3tIS3ap","22°41'08.6""N 120°17'22.5""E · 813台灣高雄市左營區部後街42巷114號",22.6857222222222,120.289583333333,"左營區"
69,"頌真建設-蓮潭馥境 15F","https://www.facebook.com/media/set/?set=a.622335173260400&type=3","頌真建設","蓮潭馥境 15F","https://is.gd/ute64C","22°41'03.4""N 120°17'25.6""E · 813台灣高雄市左營區店仔頂路79號",22.6842777777778,120.290444444444,"左營區"
70,"鼓山運動中心","https://www.facebook.com/media/set/?set=a.486012823559303&type=3","鼓山運動中心",NA,"https://is.gd/2U7QCo","22°40'14.1""N 120°17'09.5""E · 804, Taiwan, Kaohsiung City, Gushan District, 雄峰里",22.6705833333333,120.285972222222,"鼓山區"
71,"尚觀地產-尚觀山房 13F","https://www.facebook.com/media/set/?set=a.700244498802800&type=3","尚觀地產","尚觀山房 13F","https://bit.ly/46ttsEP","22°39'48.4""N 120°16'45.6""E · No. 128-3, Gushan 3rd Rd, Gushan District, Kaohsiung City, Taiwan 804",22.6634444444444,120.279333333333,"鼓山區"
72,"希望建設-美術東五路案(仮) 14F","https://www.facebook.com/media/set/?set=a.1023318083162105&type=3","希望建設","美術東五路案(仮) 14F","https://bit.ly/3F00hQx","22°39'31.0""N 120°17'30.2""E · 22.658611, 120.291722",22.6586111111111,120.291722222222,"鼓山區"
73,"京城建設-青海路案(仮) 27F","https://www.facebook.com/media/set/?set=a.831106092383306&type=3","京城建設","青海路案(仮) 27F","https://bit.ly/4bG7z7h","22°39'07.2""N 120°17'02.2""E · 804台灣高雄市鼓山區美術南五街99巷16號",22.652,120.283944444444,"鼓山區"
75,"興連城建設-里山美術 30F","https://www.facebook.com/media/set/?set=a.582155193945065&type=3","興連城建設","里山美術 30F","https://is.gd/w01ax9","22°39'58.1""N 120°17'18.6""E · 804台灣高雄市鼓山區馬卡道路",22.6661388888889,120.2885,"鼓山區"
76,"欣巴巴事業-中華一路案(仮) 31F","https://www.facebook.com/media/set/?set=a.1023316213162292&type=3","欣巴巴事業","中華一路案(仮) 31F","https://bit.ly/4bdU3sy","22°40'06.5""N 120°17'23.2""E · 22.668472, 120.289778",22.6684722222222,120.289777777778,"鼓山區"
77,"永信建設-裕興路案B(仮) 14F","https://www.facebook.com/media/set/?set=a.831104449050137&type=3","永信建設","裕興路案B(仮) 14F","https://bit.ly/4boIxcW","22°40'20.3""N 120°17'35.5""E · 804台灣高雄市鼓山區華榮路630巷3號",22.6723055555556,120.293194444444,"鼓山區"
81,"郡都建設-郡都巨蛋 20F","https://www.facebook.com/media/set/?set=a.988368269990420&type=3","郡都建設","郡都巨蛋 20F","https://bit.ly/4gFDdom","22°39'50.7""N 120°17'53.9""E · 22.664083, 120.298306",22.6640833333333,120.298305555556,"鼓山區"
82,"郡都建設-企業總部大樓 9F","https://www.facebook.com/media/set/?set=a.700242362136347&type=3","郡都建設","企業總部大樓 9F","https://bit.ly/3QkpcBU","22°39'41.1""N 120°17'52.3""E · No. 588, Mingcheng 3rd Rd, Gushan District, Kaohsiung City, Taiwan 804",22.6614166666667,120.297861111111,"鼓山區"
213,"勤寬建設-文智路案B(仮) 30F","https://www.facebook.com/media/set/?set=a.865230905637491&type=3","勤寬建設","文智路案B(仮) 30F","https://bit.ly/3XVaNQK","22°40'37.5""N 120°17'53.1""E · 813台灣高雄市左營區文智路183巷15號",22.6770833333333,120.298083333333,"左營區"
214,"勤寬建設-文智路案A(仮) 34F","https://www.facebook.com/media/set/?set=a.762273099266606&type=3","勤寬建設","文智路案A(仮) 34F","https://bit.ly/3OmEAfr","22°40'30.0""N 120°17'46.5""E · 813, Taiwan, Kaohsiung City, Zuoying District, 新下里",22.675,120.29625,"左營區"
215,"榮欣建設-文智路案(仮) 15F","https://www.facebook.com/media/set/?set=a.963499379143976&type=3","榮欣建設","文智路案(仮) 15F","https://bit.ly/3CNWHIv","22°40'29.5""N 120°17'48.8""E · 22.674861, 120.296889",22.6748611111111,120.296888888889,"左營區"
1,"三井鳳山LaLaport","https://www.facebook.com/media/set/?set=a.647885497372034&type=3","三井鳳山LaLaport",NA,"https://is.gd/ATvJbn","22°37'26.3\N 120°20'46.8\E · 830, Taiwan, Kaohsiung City, Fengshan District, 協和里",22.623965,120.3454274,"鳳山區"
2,"美力華建設-崗山北街案(仮) 15F","https://www.facebook.com/media/set/?set=a.727958272698089&type=3","美力華建設","崗山北街案(仮) 15F","https://is.gd/b3jFEr",NA,22.6096555,120.3351017,"前鎮區"
6,"住都中心-興邦安居I 14F","https://www.facebook.com/media/set/?set=a.647862507374333&type=3","住都中心","興邦安居I 14F","https://is.gd/Bnd4jV","22°35'35.2\N 120°19'15.3\E · Kaixing St, Qianzhen District, Kaohsiung City, Taiwan 830",22.593105,120.3198685,"前鎮區"
14,"住都中心-水秀安居 12F","https://www.facebook.com/media/set/?set=a.727956896031560&type=3","住都中心","水秀安居 12F","https://is.gd/11Ggm0",NA,22.5601392,120.3679853,"小港區"
15,"住都中心-山明安居 13F","https://www.facebook.com/media/set/?set=a.727957489364834&type=3","住都中心","山明安居 13F","https://is.gd/w3W6U3",NA,22.5598197,120.3693076,"小港區"
18,"利融建設-頂庄路案(仮) 15F","https://www.facebook.com/media/set/?set=a.589456403214944&type=3","利融建設","頂庄路案(仮) 15F","https://is.gd/J9VadE",NA,22.588546,120.3627608,"鳳山區"
21,"尚雍建設-尚雍文心2 10F","https://www.facebook.com/media/set/?set=a.727961362697780&type=3","尚雍建設","尚雍文心2 10F","https://is.gd/i4LmkB",NA,22.5914677,120.3299919,"鳳山區"
22,"祥傑建設-橘・臻美 15F","https://www.facebook.com/media/set/?set=a.476452817848637&type=3","祥傑建設","橘・臻美 15F","https://is.gd/9qnSIH",NA,22.587345,120.3313118,"鳳山區"
27,"鋭揚建設-鋭揚新生活 14F","https://www.facebook.com/media/set/?set=a.711883877638862&type=3","鋭揚建設","鋭揚新生活 14F","https://is.gd/ri6efC","22°35'43.4\N 120°20'34.8\E · No. 297, Fengjia Rd, Fengshan District, Kaohsiung City, Taiwan 830",22.5951667,120.3427017,"鳳山區"
28,"鋭揚建設-鋭揚新樂活 14F","https://www.facebook.com/media/set/?set=a.589453746548543&type=3","鋭揚建設","鋭揚新樂活 14F","https://is.gd/lE6bwj",NA,22.591536,120.3447868,"鳳山區"
34,"如邑建設-如邑・知築 15F","https://www.facebook.com/media/set/?set=a.647858834041367&type=3","如邑建設","如邑・知築 15F","https://is.gd/vbHnKf","22°37'33.6\N 120°22'27.0\E · 830, Taiwan, Kaohsiung City, Fengshan District, 勝利路南巷2號",22.6261403,120.3740854,"鳳山區"
36,"興富發建設-孟學苑 24F","https://www.facebook.com/media/set/?set=a.585688306925087&type=3","興富發建設","孟學苑 24F","https://is.gd/5iXplb",NA,22.6567981,120.3144596,"三民區"
44,"住都中心-本和安居 14F","https://www.facebook.com/media/set/?set=a.643873734439877&type=3","住都中心","本和安居 14F","https://is.gd/sFhlj2","22°39'28.6\N 120°19'25.5\E · 807, Taiwan, Kaohsiung City, Sanmin District, 本和里",22.657934,120.3231073,"三民區"
46,"國聯地產-大順棧 15F","https://www.facebook.com/media/set/?set=a.690301183130465&type=3","國聯地產","大順棧 15F","https://is.gd/LiXDAO",NA,22.6434298,120.3266813,"三民區"
47,"尊邑建設-覺民路案(仮) 29F","https://www.facebook.com/media/set/?set=a.707859654707951&type=3","尊邑建設","覺民路案(仮) 29F","https://is.gd/DTm2FR","22°38'28.0\N 120°19'47.6\E · No. 560, Juemin Rd, Sanmin District, Kaohsiung City, Taiwan 807",22.6411012,120.3292363,"三民區"
51,"上和發建築-育德一街案(仮) 15F","https://www.facebook.com/media/set/?set=a.723618523132064&type=3","上和發建築","育德一街案(仮) 15F","https://is.gd/TyZQ1O",NA,22.6683233,120.3601334,"鳥松區"
55,"佳鋐建設-赤仁路案A(仮) 14F","https://www.facebook.com/media/set/?set=a.491446516349267&type=3","佳鋐建設","赤仁路案A(仮) 14F","https://is.gd/HBRN8u",NA,22.676905,120.3468458,"仁武區"
56,"德禎建設-飛翔家2 13F","https://www.facebook.com/media/set/?set=a.723616949798888&type=3","德禎建設","飛翔家2 13F","https://is.gd/T0pb5A",NA,22.7077354,120.3384726,"仁武區"
57,"高京建設-米蘭花園 13F","https://www.facebook.com/media/set/?set=a.723612756465974&type=3","高京建設","米蘭花園 13F","https://is.gd/dfn4F4",NA,22.7040622,120.3504183,"仁武區"
3,"清景麟建設&三地開發-AI慕光城 24F","https://www.facebook.com/media/set/?set=a.749396163887633&type=3","清景麟建設&三地開發","AI慕光城 24F","https://bit.ly/3NSRHVy","22°35'52.1\N 120°19'11.2\E · 806, Taiwan, Kaohsiung City, Qianzhen District, 瑞竹里",22.5978055555556,120.319777777778,"前鎮區"
24,"頂誠建設-鳳南一路案(仮) 15F","https://www.facebook.com/media/set/?set=a.749376817222901&type=3","頂誠建設","鳳南一路案(仮) 15F","https://bit.ly/3S6T9pS","22°35'21.8\N 120°20'41.7\E · 830, Taiwan, Kaohsiung City, Fengshan District, 南成里",22.5893888888889,120.344916666667,"鳳山區"
29,"名陞開發-力行路案(仮) 14F","https://www.facebook.com/media/set/?set=a.843863184440930&type=3","名陞開發","力行路案(仮) 14F","https://bit.ly/3KGP5b7","22°36'18.7\N 120°23'45.4\E · No. 2號, Lane 478, Fenglinsan Rd, Daliao District, Kaohsiung City, Taiwan 831",22.6051944444444,120.395944444444,"大寮區"
30,"吉隆建設-正氣路案(仮) 15F","https://www.facebook.com/media/set/?set=a.843864474440801&type=3","吉隆建設","正氣路案(仮) 15F","https://bit.ly/3Xl9daF","22°36'09.6\N 120°23'47.2\E · No. 11, Zhengqi Rd, Daliao District, Kaohsiung City, Taiwan 831",22.6026666666667,120.396444444444,"大寮區"
34,"華友聯開發-光華路案(仮) 31F","https://www.facebook.com/media/set/?set=a.843862131107702&type=3","華友聯開發","光華路案(仮) 31F","https://bit.ly/3KBnIPV","22°37'21.0\N 120°20'50.0\E · 830, Taiwan, Kaohsiung City, Fengshan District, 協和里",22.6225,120.347222222222,"鳳山區"
54,"佳鋐建設-赤仁路案B(仮) 13F","https://www.facebook.com/media/set/?set=a.838985171595398&type=3","佳鋐建設","赤仁路案B(仮) 13F","https://bit.ly/3Vp71gT","22°40'35.0\N 120°20'53.7\E · No. 212, Cihui 2nd St, Renwu District, Kaohsiung City, Taiwan 814",22.6763888888889,120.34825,"仁武區"
60,"都市建設-京吉二路案(仮) 15F","https://www.facebook.com/media/set/?set=a.812776940882888&type=3","都市建設","京吉二路案(仮) 15F","https://bit.ly/3JrypUr","22°41'01.2\N 120°20'35.9\E · 814, Taiwan, Kaohsiung City, Renwu District, 八卦里",22.6836666666667,120.343305555556,"仁武區"
3,"仰德建設-仰德．美麗島 15F","https://www.facebook.com/media/set/?set=a.481498587344060&type=3","仰德建設","仰德．美麗島 15F","https://is.gd/S3So8d",NA,22.6322517,120.3042166,"新興區"
4,"寶象建設-寶象文化豆 15F","https://www.facebook.com/media/set/?set=a.715826923911224&type=3","寶象建設","寶象文化豆 15F","https://is.gd/uOGwL1",NA,22.626485,120.3084269,"新興區"
5,"內政部-移民署南區分署辦公大樓 6F","https://www.facebook.com/media/set/?set=a.731624972331419&type=3","內政部","移民署南區分署辦公大樓 6F","https://is.gd/BZbo7W",NA,22.6305105,120.3096266,"新興區"
8,"居富開發-凱旋二路案(仮) 14F","https://www.facebook.com/media/set/?set=a.670631438430773&type=3","居富開發","凱旋二路案(仮) 14F","https://is.gd/i1ainG",NA,22.6296832,120.3208093,"苓雅區"
14,"永信建設-四維二路案(仮) 30F","https://www.facebook.com/media/set/?set=a.501336078693644&type=3","永信建設","四維二路案(仮) 30F","https://is.gd/9pAXu1",NA,22.623504,120.3229318,"苓雅區"
17,"全誠建設-廣西路案(仮) 19F","https://www.facebook.com/media/set/?set=a.481498077344111&type=3","全誠建設","廣西路案(仮) 19F","https://is.gd/1WirgQ",NA,22.6151822,120.3169168,"前鎮區"
26,"浤圃建設-星峰匯 29F","https://www.facebook.com/media/set/?set=a.522222759938309&type=3","浤圃建設","星峰匯 29F","https://is.gd/GKKk6T",NA,22.621034,120.2957556,"前金區"
33,"仰德建設-駁二AIT 23F","https://www.facebook.com/media/set/?set=a.560848032742448&type=3","仰德建設","駁二AIT 23F","https://is.gd/VFY2c2",NA,22.6267962,120.2801838,"鹽埕區"
35,"匯成機構-滙埕 15F","https://www.facebook.com/media/set/?set=a.577956104364974&type=3","匯成機構","滙埕 15F","https://is.gd/ei3Jqk","No. 54, Lane 53, Gushanyi Rd, Gushan District · No. 54, Lane 53, Gushanyi Rd, Gushan District, Kaohsiung City, Taiwan 804",22.6253314,120.2767978,"鼓山區"
36,"興全盛投資-鼓山二路案(仮) 12F","https://www.facebook.com/media/set/?set=a.501327092027876&type=3","興全盛投資","鼓山二路案(仮) 12F","https://is.gd/9rBqon",NA,22.638015,120.2796078,"鼓山區"
40,"明森建築-明森丰川 15F","https://www.facebook.com/media/set/?set=a.731638705663379&type=3","明森建築","明森丰川 15F","https://is.gd/l9sNLD",NA,22.6361377,120.2914863,"三民區"
46,"興華城建設-河美術 15F","https://www.facebook.com/media/set/?set=a.506969268130325&type=3","興華城建設","河美術 15F","https://is.gd/d6S95X",NA,22.650284,120.2907268,"鼓山區"
72,"永信建設-明鳳二十六街案(仮) 13F","https://www.facebook.com/media/set/?set=a.1088798836614029&type=3","永信建設","明鳳二十六街案(仮) 13F","https://is.gd/5aTsD4",NA,22.5883352,120.3355604,"前鎮區"
125,"京城建設-文學路案(仮) 15F","https://www.facebook.com/media/set/?set=a.707861088041141&type=3","京城建設","文學路案(仮) 15F","https://is.gd/SdgOSe","No. 459, Wenxue Rd, Zuoying District · No. 459, Wenxue Rd, Zuoying District, Kaohsiung City, Taiwan 813",22.6904542,120.3159994,"左營區"
41,"太普建設-中華二路案(仮) 29F","https://www.facebook.com/media/set/?set=a.877561774404404&type=3","太普建設","中華二路案(仮) 29F","https://bit.ly/4dvK5CV","22°38'21.6\N 120°17'33.9\E · No. 16, Zhonghua 2nd Rd, Sanmin District, Kaohsiung City, Taiwan 807",22.6393333333333,120.29275,"三民區"
2,"興富發建設-中山鉑悦 36F","https://www.facebook.com/media/set/?set=a.1098390722321507&type=3","興富發建設","中山鉑悦 36F","https://reurl.cc/7Kv03N","22°37'43.2\N 120°18'07.3\E · 22.628667, 120.302028",22.6286666666667,120.302027777778,"新興區"
11,"城揚建設-國治路案(仮) 15F","https://www.facebook.com/media/set/?set=a.800004618826787&type=3","城揚建設","國治路案(仮) 15F","https://bit.ly/3VHvRcs","22°37'51.0\N 120°19'33.0\E · 802台灣高雄市苓雅區武廟路9號",22.6308333333333,120.325833333333,"苓雅區"
16,"浤圃建設-泉州街案(仮) 15F","https://www.facebook.com/media/set/?set=a.800005708826678&type=3","浤圃建設","泉州街案(仮) 15F","https://bit.ly/49hDclW","22°37'28.8\N 120°18'46.3\E · 802台灣高雄市苓雅區泉州街76號",22.6246666666667,120.312861111111,"苓雅區"
18,"友友開發-籬仔內路案(仮) 15F","https://www.facebook.com/media/set/?set=a.1098389082321671&type=3","友友開發","籬仔內路案(仮) 15F","https://reurl.cc/K8nexn","22°36'16.9\N 120°19'21.0\E · 22.604694, 120.322500",22.6046944444444,120.3225,"前鎮區"
19,"京城建設-和平三路案(仮) 15F","https://www.facebook.com/media/set/?set=a.825123446314904&type=3","京城建設","和平三路案(仮) 15F","https://bit.ly/4bx42rT","22°36'17.8\N 120°19'06.7\E · 806台灣高雄市前鎮區瑞竹里",22.6049444444444,120.318527777778,"前鎮區"
22,"亞灣智慧科技大樓 11F","https://www.facebook.com/media/set/?set=a.906052524888662&type=3","亞灣智慧科技大樓 11F",NA,"https://bit.ly/3N5GKzj","22°36'21.1\N 120°17'53.7\E · 台灣",22.6058611111111,120.29825,"前鎮區"
24,"永信建設-成功一路案(仮) 34F","https://www.facebook.com/media/set/?set=a.1098387708988475&type=3","永信建設","成功一路案(仮) 34F","https://reurl.cc/zqj1zN","22°36'46.1\N 120°17'51.8\E · 22.612806, 120.297722",22.6128055555556,120.297722222222,"苓雅區"
25,"佛光山-新高雄佛教堂 28F","https://www.facebook.com/media/set/?set=a.906042748222973&type=3","佛光山","新高雄佛教堂 28F","https://bit.ly/3ZvCO1Q","22°37'08.5\N 120°17'43.3\E · 802台灣高雄市苓雅區允文街120巷15號",22.6190277777778,120.295361111111,"苓雅區"
27,"聯上實業-五福三路案(仮) 15F","https://www.facebook.com/media/set/?set=a.753620266798556&type=3","聯上實業","五福三路案(仮) 15F","https://bit.ly/3tU41Ot","22°37'17.5\N 120°17'42.8\E · 801台灣高雄市前金區五福三路118號",22.6215277777778,120.295222222222,"前金區"
28,"富立建設-中華三路案(仮) 33F","https://www.facebook.com/media/set/?set=a.800007175493198&type=3","富立建設","中華三路案(仮) 33F","https://bit.ly/4cCcIP2","22°37'35.3\N 120°17'50.7\E · 801台灣高雄市前金區中華三路2號",22.6264722222222,120.297416666667,"前金區"
31,"住都中心-新盛好室 12F","https://www.facebook.com/media/set/?set=a.1098386515655261&type=3","住都中心","新盛好室 12F","https://reurl.cc/mxjMdW","22°37'54.8\N 120°17'48.3\E · 22.631889, 120.296750",22.6318888888889,120.29675,"前金區"
32,"豪鎂建設-明星街案(仮) 15F","https://www.facebook.com/media/set/?set=a.1056883829805530&type=3","豪鎂建設","明星街案(仮) 15F","https://bit.ly/42vkVBo","22°38'01.7\N 120°18'01.7\E · 22.633806, 120.300472",22.6338055555556,120.300472222222,"新興區"
37,"立信建設-立．天下 28F","https://www.facebook.com/media/set/?set=a.848154620678453&type=3","立信建設","立．天下 28F","https://bit.ly/45oz7MD","22°38'06.4\N 120°17'10.9\E · 807台灣高雄市三民區建國三路352號",22.6351111111111,120.286361111111,"三民區"
39,"嵩豐建設-三民街案(仮) 11F","https://www.facebook.com/media/set/?set=a.1098383325655580&type=3","嵩豐建設","三民街案(仮) 11F","https://reurl.cc/DqQ4Nm","22°38'06.5\N 120°17'24.1\E · 22.635139, 120.290028",22.6351388888889,120.290027777778,"三民區"
43,"遠雄建設-沐蘊 15F","https://www.facebook.com/media/set/?set=a.800011678826081&type=3","遠雄建設","沐蘊 15F","https://bit.ly/4cEhPOD","22°38'40.2\N 120°17'07.6\E · 807台灣高雄市三民區九如三路226號",22.6445,120.285444444444,"三民區"
44,"善寬建設-善寬UNI 15F","https://www.facebook.com/media/set/?set=a.800012422159340&type=3","善寬建設","善寬UNI 15F","https://bit.ly/3vGcsh9","22°38'35.0\N 120°17'26.2\E · 807台灣高雄市三民區中華二路157巷3-13",22.6430555555556,120.290611111111,"三民區"
53,"住都中心-興邦安居II 14F","https://www.facebook.com/media/set/?set=a.790806693079913&type=3","住都中心","興邦安居II 14F","https://bit.ly/3Tm1JAh","22°35'39.2\N 120°19'14.8\E · 806台灣高雄市前鎮區凱興街",22.5942222222222,120.320777777778,"前鎮區"
55,"友友開發-百達灣品 15F","https://www.facebook.com/media/set/?set=a.817222713771644&type=3","友友開發","百達灣品 15F","https://bit.ly/44lFTlD","22°35'02.2\N 120°18'35.5\E · 806台灣高雄市前鎮區新生路346號",22.5839444444444,120.309861111111,"前鎮區"
58,"安庭建設-曜安庭 15F","https://www.facebook.com/media/set/?set=a.938264538334127&type=3","安庭建設","曜安庭 15F","https://bit.ly/3YiTZSh","22°34'03.3\N 120°20'03.1\E · 22.567583, 120.334194",22.5675833333333,120.334194444444,"小港區"
59,"祥傑建設-店中路案(仮) 15F","https://www.facebook.com/media/set/?set=a.973716151455632&type=3","祥傑建設","店中路案(仮) 15F","https://bit.ly/3Dji9p2","22°33'43.4\N 120°21'09.9\E · 22.562056, 120.352750",22.5620555555556,120.35275,"小港區"
64,"小港運動中心","https://www.facebook.com/media/set/?set=a.902027471957834&type=3","小港運動中心",NA,"https://bit.ly/4dTvEJm","22°34'05.5\N 120°22'11.5\E · 812台灣高雄市小港區松金里",22.5681944444444,120.369861111111,"小港區"
68,"華雄建設-中安路案(仮) 15F","https://www.facebook.com/media/set/?set=a.817221977105051&type=3","華雄建設","中安路案(仮) 15F","https://bit.ly/4dk4RWA","22°35'06.7\N 120°21'36.1\E · 830台灣高雄市鳳山區中安路691號",22.5851944444444,120.360027777778,"鳳山區"
71,"永信建設-公園二街案(仮) 14F","https://www.facebook.com/media/set/?set=a.938261711667743&type=3","永信建設","公園二街案(仮) 14F","https://bit.ly/3C35buP","22°35'12.0\N 120°20'00.3\E · 22.586667, 120.333417",22.5866666666667,120.333416666667,"鳳山區"
73,"永信建設-海涵路案(仮) 18F","https://www.facebook.com/media/set/?set=a.938262428334338&type=3","永信建設","海涵路案(仮) 18F","https://bit.ly/48jaUc5","22°35'35.3\N 120°20'34.9\E · 22.593139, 120.343028",22.5931388888889,120.343027777778,"鳳山區"
74,"鋭揚建設-鋭揚新樂章 15F","https://www.facebook.com/media/set/?set=a.869886031838645&type=3","鋭揚建設","鋭揚新樂章 15F","https://bit.ly/3WfYbkM","22°35'44.8\N 120°20'31.1\E · 830台灣高雄市鳳山區鳳甲二街33號",22.5957777777778,120.341972222222,"鳳山區"
86,"城揚建設-Twin S 15F","https://www.facebook.com/media/set/?set=a.933107632183151&type=3","城揚建設","Twin S 15F","https://bit.ly/4f6krVZ","22°39'04.5\N 120°19'16.7\E · 22.651250, 120.321306",22.65125,120.321305555556,"三民區"
87,"和築建設-和築豐彩 15F","https://www.facebook.com/media/set/?set=a.891840619643186&type=3","和築建設","和築豐彩 15F","https://bit.ly/3AL5U2W","22°38'54.4\N 120°18'56.2\E · 807台灣高雄市三民區建工路904巷27弄11-3",22.6484444444444,120.315611111111,"三民區"
91,"興璟建設-大昌一路案(仮) 12F","https://www.facebook.com/media/set/?set=a.1034975975329649&type=3","興璟建設","大昌一路案(仮) 12F","https://bit.ly/3Fp5rpr","22°39'30.2\N 120°19'09.8\E · 22.658389, 120.319389",22.6583888888889,120.319388888889,"三民區"
92,"鋭揚建設-大昌一路案(仮) 15F","https://www.facebook.com/media/set/?set=a.963500355810545&type=3","鋭揚建設","大昌一路案(仮) 15F","https://bit.ly/3OA2gwJ","22°39'17.2\N 120°19'31.3\E · 22.654778, 120.325361",22.6547777777778,120.325361111111,"三民區"
98,"旺曜建設-北明街案 15F","https://www.facebook.com/media/set/?set=a.1078934767600436&type=3","旺曜建設","北明街案 15F","https://bit.ly/4k4Hxid","22°38'36.9\N 120°22'10.2\E · 22.643583, 120.369500",22.6435833333333,120.3695,"鳳山區"
102,"永信建設-勇全路案(仮) 28F","https://www.facebook.com/media/set/?set=a.891817979645450&type=3","永信建設","勇全路案(仮) 28F","https://bit.ly/4gbMPrh","22°40'17.7\N 120°20'46.8\E · 814台灣高雄市仁武區赤山里",22.6715833333333,120.346333333333,"仁武區"
103,"樂基建設-赤吉街案(仮) 10F","https://www.facebook.com/media/set/?set=a.998126065681307&type=3","樂基建設","赤吉街案(仮) 10F","https://bit.ly/3WnUWZt","22°40'22.0\N 120°20'50.1\E · 22.672778, 120.347250",22.6727777777778,120.34725,"仁武區"
108,"慶旺建設-名山六街案(仮) 14F","https://www.facebook.com/media/set/?set=a.933092492184665&type=3","慶旺建設","名山六街案(仮) 14F","https://bit.ly/3NxPoGK","22°41'22.6\N 120°20'53.6\E · 22.689611, 120.348222",22.6896111111111,120.348222222222,"仁武區"
109,"橘系列建設-同和路案(仮) 15F","https://www.facebook.com/media/set/?set=a.998124995681414&type=3","橘系列建設","同和路案(仮) 15F","https://bit.ly/3PEUJ04","22°41'31.6\N 120°20'04.7\E · 22.692111, 120.334639",22.6921111111111,120.334638888889,"仁武區"
111,"龍騰建設-京吉五路案(仮) 15F","https://www.facebook.com/media/set/?set=a.998124172348163&type=3","龍騰建設","京吉五路案(仮) 15F","https://bit.ly/3PMKzud","22°40'53.7\N 120°20'29.3\E · 22.681583, 120.341472",22.6815833333333,120.341472222222,"仁武區"
112,"得邑建設-永愛街案(仮) 15F","https://www.facebook.com/media/set/?set=a.865231802304068&type=3","得邑建設","永愛街案(仮) 15F","https://bit.ly/3zQU6vy","22°40'50.6\N 120°19'49.2\E · 814台灣高雄市仁武區八德西路350巷22號",22.6807222222222,120.330333333333,"仁武區"
114,"豐嶸建設-北屋南街案(仮) 15F","https://www.facebook.com/media/set/?set=a.998123609014886&type=3","豐嶸建設","北屋南街案(仮) 15F","https://bit.ly/4aENBe1","22°40'52.3\N 120°20'05.4\E · 22.681194, 120.334833",22.6811944444444,120.334833333333,"仁武區"
115,"東高建設-永新一街案(仮) 15F","https://www.facebook.com/media/set/?set=a.963501379143776&type=3","東高建設","永新一街案(仮) 15F","https://bit.ly/3ZfJjV7","22°40'57.9\N 120°19'50.7\E · 22.682750, 120.330750",22.68275,120.33075,"仁武區"
117,"三地開發-艾美柏 15F","https://www.facebook.com/media/set/?set=a.1078933394267240&type=3","三地開發","艾美柏 15F","https://bit.ly/3Z0MYqa","22°40'55.1\N 120°19'37.8\E · 22.681972, 120.327167",22.6819722222222,120.327166666667,"仁武區"
118,"京城建設-霞海南三街案(仮) 15F","https://www.facebook.com/media/set/?set=a.998122235681690&type=3","京城建設","霞海南三街案(仮) 15F","https://bit.ly/4hnmGoP","22°40'57.9\N 120°19'29.6\E · 22.682750, 120.324889",22.68275,120.324888888889,"仁武區"
119,"京城建設-霞海路案B(仮) 15F","https://www.facebook.com/media/set/?set=a.998121675681746&type=3","京城建設","霞海路案B(仮) 15F","https://bit.ly/4gZ6o62","22°41'00.8\N 120°19'27.0\E · 22.683556, 120.324167",22.6835555555556,120.324166666667,"仁武區"
120,"京城建設-霞海路案A(仮) 15F","https://www.facebook.com/media/set/?set=a.998120885681825&type=3","京城建設","霞海路案A(仮) 15F","https://bit.ly/4hbSr4w","22°40'59.5\N 120°19'28.5\E · 22.683194, 120.324583",22.6831944444444,120.324583333333,"仁武區"
121,"冠傑建設-霞海路案(仮) 13F","https://www.facebook.com/media/set/?set=a.865238512303397&type=3","冠傑建設","霞海路案(仮) 13F","https://bit.ly/3W3QMol","22°41'05.1\N 120°19'28.6\E · 813台灣高雄市左營區榮總路8巷70",22.68475,120.324611111111,"仁武區"
122,"振美建設-榮總路案(仮) 20F","https://www.facebook.com/media/set/?set=a.865230252304223&type=3","振美建設","榮總路案(仮) 20F","https://bit.ly/3W2oydJ","22°41'04.8\N 120°19'19.4\E · 813台灣高雄市左營區榮總路350號",22.6846666666667,120.322055555556,"左營區"
123,"松益發建設-微笑高鐵 10F","https://www.facebook.com/media/set/?set=a.963520595808521&type=3","松益發建設","微笑高鐵 10F","https://bit.ly/415IGQo","22°41'23.0\N 120°19'12.8\E · 22.689722, 120.320222",22.6897222222222,120.320222222222,"左營區"
124,"崑庭建設-文府路案(仮) 15F","https://www.facebook.com/media/set/?set=a.998119605681953&type=3","崑庭建設","文府路案(仮) 15F","https://bit.ly/4apczxR","22°41'22.8\N 120°18'44.0\E · 22.689667, 120.312222",22.6896666666667,120.312222222222,"左營區"
